Nombre,Genero,Idioma,Temporada,Duracion
black list venom,3,0,17,124611
list venom,2,3,11,87762
faceless borne,4,3,3,35630
black list venom,3,2,7,92530
house,2,2,9,89893
cambridge,5,1,16,81565
borne black,4,4,7,57725
heroes diario canto,2,2,14,130475
heroes diario,4,4,13,9842
heroes diario canto,2,4,5,138970
house,4,2,10,146748
anillos,4,3,14,13499
borne,3,4,6,128843
doctor zhivago,1,3,19,33466
bower espionaje,2,2,13,60075
witcher,5,2,1,22274
game thrones,1,3,13,36639
rueda tiempo,2,2,13,24995
canto sirenas faceless,4,0,16,25992
lord heroes,2,3,3,119232
espionaje jack,1,3,16,68431
espionaje jack,5,3,18,97672
ryan rueda,2,2,15,64831
thrones,4,4,16,90133
jack ryan,1,2,16,88876
ryan rueda,3,3,17,6639
ryan rueda,3,1,19,57012
witcher encargado,2,2,7,141748
doctor zhivago,4,1,19,54776
crepusculo,5,2,10,112772
encargado,3,1,16,64864
list venom cambridge,3,1,10,145797
crepusculo,4,3,15,142867
faceless borne black,2,1,12,62072
american history bower,1,4,9,73136
house witcher,1,1,10,68243
heroes diario canto,2,4,9,126122
ryan rueda,3,3,5,24911
crepusculo anillos,2,2,12,65940
diario canto sirenas,4,4,3,57014
list,4,3,15,78788
american,2,4,2,55832
sirenas faceless,3,2,11,53622
anillos lord heroes,2,4,2,9046
lord heroes diario,4,0,8,25780
zhivago crepusculo anillos,3,2,4,114989
bower espionaje jack,3,1,2,40391
lord heroes diario,2,0,18,5685
house,5,1,12,142966
history bower,4,2,9,143291
zhivago,4,4,5,55114
thrones,4,4,11,45636
list venom cambridge,5,0,7,126275
history bower,5,3,12,22235
rueda,4,1,19,53056
heroes diario canto,3,1,6,59412
lord,2,0,5,73510
lord,5,4,15,6152
faceless borne black,2,4,9,5313
faceless borne black,5,1,8,83275
rueda tiempo,3,1,6,34801
list venom cambridge,4,1,9,134804
doctor zhivago,4,1,11,56933
canto,3,0,12,53223
black,3,3,8,80873
house witcher encargado,3,2,3,96249
cambridge american history,3,0,2,35140
canto,2,0,2,39592
thrones house,5,2,19,84668
bower espionaje,5,1,4,124329
black list venom,3,0,2,128813
thrones,4,3,18,110530
espionaje jack ryan,2,1,5,15016
ryan rueda tiempo,2,4,8,143893
black list venom,4,1,6,43923
thrones house witcher,3,2,16,54935
list venom,5,1,1,10261
cambridge american,4,4,9,21540
canto sirenas,4,0,19,92437
doctor zhivago crepusculo,4,4,10,5963
jack ryan,5,0,7,76156
sirenas,3,1,7,132155
list venom,4,2,9,126278
game,1,2,9,70915
heroes diario,5,4,5,11789
ryan,3,2,12,51042
anillos lord,2,3,5,29576
witcher encargado,4,4,8,137860
crepusculo,3,1,18,87424
bower espionaje,4,4,12,84584
history,3,2,2,72478
rueda tiempo,2,3,4,67082
cambridge,2,2,3,112217
bower,2,3,12,54334
american history bower,1,3,18,89529
black list,5,0,18,18143
thrones,1,3,9,28352
house witcher,3,2,19,85723
cambridge american history,3,0,17,136446
anillos,3,2,3,58905
faceless borne black,2,1,18,30302
house witcher,3,3,15,112946
history bower espionaje,3,2,17,139305
black list,3,3,3,69317
black list venom,3,4,5,90552
crepusculo anillos lord,1,0,4,52392
espionaje jack,5,3,15,125825
espionaje jack,2,1,19,145737
venom cambridge,2,0,7,59743
lord,3,2,6,66344
faceless borne,2,2,14,67823
diario,5,2,9,19368
encargado,1,3,8,61446
venom,4,1,8,10993
list venom,1,1,12,82543
american history bower,4,0,8,61848
zhivago crepusculo,5,2,19,6588
ryan rueda,1,0,12,133447
anillos lord heroes,3,1,2,137113
crepusculo anillos,4,1,18,138175
diario canto,3,4,17,79978
sirenas,3,2,11,28126
faceless borne,4,3,13,94213
american history bower,2,2,20,130994
crepusculo anillos lord,1,1,10,65358
rueda,4,1,16,137330
encargado doctor,5,0,8,109676
thrones house,3,2,1,55678
venom cambridge,4,1,15,23040
list venom,1,1,9,90264
borne black,2,1,4,136560
cambridge american history,4,2,16,115802
venom cambridge,5,3,12,141018
house witcher encargado,4,2,10,132245
borne,2,2,11,77933
thrones house,2,1,14,20654
borne,3,3,12,137636
faceless borne,3,1,2,52425
ryan,3,2,6,142289
faceless,2,0,4,11841
venom,3,1,7,61232
espionaje jack,2,0,3,59738
ryan rueda,2,2,7,128711
thrones,5,3,7,64138
bower,3,2,2,68390
jack ryan,2,3,16,72686
witcher encargado doctor,2,4,7,86713
espionaje jack,1,3,18,94049
ryan rueda,2,4,5,24271
witcher encargado,3,1,2,120075
doctor zhivago crepusculo,1,3,20,144920
black,2,4,11,133008
thrones house witcher,4,3,16,67790
black list,3,2,8,85067
sirenas faceless,2,3,3,22989
american history bower,4,1,14,64220
espionaje jack ryan,4,3,19,105320
zhivago,4,2,3,85698
zhivago crepusculo,1,3,9,90908
crepusculo anillos,2,1,10,48868
espionaje jack ryan,3,0,10,98877
doctor,2,3,13,95902
game thrones,1,1,18,6367
heroes,4,3,8,96414
venom cambridge,3,4,18,47210
thrones,2,4,14,120140
doctor zhivago,4,1,15,51966
anillos,2,3,3,148964
canto sirenas,3,1,8,93071
diario canto sirenas,1,0,12,147098
diario,2,2,6,129281
rueda,2,2,15,141600
tiempo,3,1,8,22259
diario canto,3,0,7,29976
venom,1,1,7,8163
ryan,3,3,5,125590
witcher encargado doctor,1,3,7,118366
venom cambridge,5,2,6,97210
sirenas faceless,2,3,4,98764
zhivago crepusculo,2,2,18,139311
venom cambridge american,1,3,15,113270
espionaje jack,5,3,15,93151
sirenas,5,2,5,8635
thrones house,2,2,13,9961
faceless borne,4,1,6,42231
ryan rueda tiempo,2,2,7,96763
crepusculo,3,2,3,131299
jack ryan rueda,4,3,18,37852
heroes diario,4,1,14,128184
zhivago crepusculo,3,4,4,129653
venom cambridge,2,2,18,68529
zhivago crepusculo,4,3,17,21574
faceless borne,3,1,3,50727
canto sirenas,3,4,7,121687
heroes diario canto,3,2,5,6174
witcher encargado,4,2,18,72987
jack ryan rueda,4,2,13,51211
black list venom,4,1,13,89079
cambridge,2,0,20,128323
thrones,3,2,15,145044
canto sirenas,3,4,7,83454
witcher encargado doctor,5,3,18,91577
list venom,1,0,2,109338
crepusculo,4,3,11,76099
crepusculo anillos lord,5,3,1,58210
anillos,2,4,1,87247
black,3,0,12,75677
house witcher encargado,1,1,14,101326
lord heroes,3,1,17,81811
house witcher,2,4,7,144329
cambridge american history,2,0,12,110187
espionaje jack ryan,3,1,9,141294
diario canto,5,3,11,132495
house witcher,5,0,17,76767
ryan,2,1,14,116210
canto sirenas,3,1,14,72489
house witcher encargado,2,4,7,42139
house witcher,2,0,16,54919
jack ryan rueda,3,3,15,101169
espionaje jack,3,2,6,13953
list venom,4,4,19,138840
black list venom,3,3,5,67949
bower espionaje,3,4,9,95747
borne black,3,3,13,73491
encargado doctor,3,0,4,84805
encargado doctor,5,1,19,51068
espionaje jack ryan,5,4,3,20865
ryan,2,2,8,97481
sirenas faceless,3,2,17,9845
espionaje jack,2,1,11,27263
game thrones,3,1,19,61458
witcher,2,4,5,134035
american history,3,1,9,103397
jack ryan,2,2,11,116491
ryan rueda,1,4,11,110205
black,4,1,16,116103
doctor,5,2,16,84821
diario,4,3,11,70265
anillos,4,3,18,28662
thrones house witcher,2,2,19,139818
heroes,1,2,3,85517
list,4,4,20,104827
heroes,2,2,10,22240
witcher,2,2,5,37918
lord heroes,5,1,10,94098
faceless borne,3,0,4,22328
crepusculo anillos,3,4,18,96455
list venom cambridge,4,4,1,64902
witcher encargado doctor,1,0,11,15048
diario canto,2,1,15,50221
list venom,3,3,9,82937
witcher encargado,1,3,16,10088
doctor zhivago,3,2,9,122862
black list,3,2,10,86383
witcher encargado,2,0,13,74766
bower espionaje,4,2,19,71534
jack ryan,3,3,17,127569
house witcher,2,2,3,33829
diario canto,2,1,10,133503
doctor,5,3,16,134645
jack ryan,2,3,12,26131
encargado doctor,5,1,20,110071
house witcher encargado,3,3,8,55103
doctor zhivago,2,1,11,140435
sirenas faceless,4,0,2,57269
list venom cambridge,4,2,8,42882
house,5,3,18,118648
sirenas faceless,4,1,12,133041
borne black,4,0,15,92338
venom cambridge,3,3,9,107921
american history bower,1,1,5,118763
jack ryan,2,0,5,89414
anillos lord,4,1,11,84388
doctor zhivago,4,2,4,11965
jack ryan,4,4,6,33202
history bower espionaje,2,0,7,96455
cambridge,2,4,20,139841
list venom cambridge,4,4,18,105370
faceless borne black,5,0,11,108238
ryan rueda,5,1,11,145973
cambridge american,2,2,13,111063
black list,5,1,11,23765
lord heroes diario,5,0,10,65329
faceless borne,2,4,14,6490
history,4,4,6,104531
anillos,4,4,2,84281
borne black list,4,3,10,7770
list venom,2,2,4,83912
borne black list,4,2,15,85295
house witcher encargado,2,1,3,98962
american history,4,3,18,93261
lord heroes,2,0,3,99678
thrones house,2,1,17,66105
rueda tiempo,5,3,19,105999
american history,2,2,6,126195
thrones house,5,1,17,31591
game thrones house,5,2,16,109382
thrones house,3,2,14,91095
doctor zhivago,1,3,19,110928
thrones house,4,3,4,61559
