nombre,mascota,especie,tipo_atencion,currency
Lillith Townsend,arcu,9,15,424.96
Abraham Lynch,Nunc,7,17,720.55
Aiko Nicholson,gravida,9,2,669.64
Leandra Zimmerman,sodales,8,11,822.53
Alvin Mccullough,ut,3,11,375.65
Cailin Bonner,mi,8,14,782.75
Hadassah Castillo,a,6,3,653.77
Plato Buchanan,sed,1,16,824.19
Amelia Hendrix,consequat,4,15,861.36
Ralph Wiley,diam,3,1,189.03
Samuel Witt,dignissim,6,9,576.57
Flavia Wynn,tellus,8,1,922.93
Kylan Hancock,diam.,7,10,600.56
Rose Mccall,Praesent,2,1,480.37
Nash Wright,ameta,9,7,942.32
Jonas Pollard,id,3,10,156.84
Mechelle Townsend,ipsum,9,10,546.09
Kameko Nolan,semper,7,10,985.18
Kaseem Rivas,feugiat,9,14,933.81
Lillith Townsend,patita,1,7,424.47
Signe Salazar,Nulla,4,0,676.39
Fiona Vincent,metus.,6,16,757.50
Wing Pittman,feugiat,9,16,259.44
Brenna Wyatt,per,6,18,159.12
Yuli Cook,In,6,6,856.01
Bert Rogers,lectus,6,10,749.84
Barbara Bentley,Nulla,10,13,114.70
Kirestin Roberts,nisi,6,1,754.25
Rebecca Robertson,vestibulum,7,15,550.60
Caryn Buchanan,Fusce,10,18,759.50
Lillith Townsend,magna,7,13,856.81
Lev Alston,odio,5,5,375.37
Rashad Bray,cursus,1,15,165.35
Serina Gregory,consectetuer,5,12,799.80
Brenden Roy,elementum,10,13,779.85
Keiko Suarez,ullamcorper,6,1,528.52
Kylee Rocha,sem,4,12,976.26
Jane Daniel,Integer,3,12,922.03
Raya Mcguire,diam,4,7,292.82
Latifah Rocha,lorem,2,10,715.82
Quin Alexander,posuere,1,8,519.64
Thomas Watts,Donec,9,2,144.72
Eve Warner,scelerisque,5,17,695.19
Katell Pollard,et,6,12,668.66
Clare Duffy,Mauris,4,14,744.06
Idola Gallagher,lacinia,3,9,121.77
Lillith Townsend,Phasellus,10,12,585.48
Indigo Gilbert,non,3,14,471.30
Yoshio Floyd,vestibulum,7,2,807.77
Gage Padilla,non,2,17,246.54
Violet Boyd,Vivamus,6,2,467.49
Kirby Prince,condimentum.,6,15,125.24
William Burris,vel,5,6,617.42
Dora Brewer,mollis,3,8,578.70
Jordan Richardson,elit,8,6,787.54
Kelsey Browning,risus.,4,6,896.51
Zelenia Cain,amet,6,8,232.98
Signe Coffey,etar,10,19,937.79
Maris Blankenship,Aenean,2,1,386.68
Lamar Bauer,necar,8,17,325.10
Gary Ramos,Nullam,3,4,149.47
Stewart Bruce,Cum,10,8,748.41
Seth Haynes,ac,5,8,604.75
Brynn Hamilton,adipiscing,1,6,157.39
Neil Humphrey,tellus,1,13,646.73
Amir Cross,auctor,1,18,605.39
Dennis Ortiz,sed,4,2,201.98
Rhona Salas,ut,8,9,105.60
Blake Palmer,est,5,17,190.97
Marshall Robertson,dictum,1,5,570.78
Nayda Madden,eros,8,15,362.68
Guinevere Padilla,enim.,1,4,658.15
Rosalyn Day,arcu,2,12,319.45
Shaeleigh Mathews,In,8,5,375.69
Zachary Buck,nec,5,11,703.66
Roary Hester,posuere,2,4,985.82
Hadassah Salinas,augue,7,19,136.14
Tyrone Workman,in,7,16,290.21
Shannon Little,Mauris,8,1,756.69
Reese Macdonald,vitae,4,15,786.80
Joan Velez,lorem,4,17,485.07
September Hanson,convallis,8,2,359.00
Colorado Brennan,magna,3,14,661.32
Silas Middleton,consequat,8,13,544.05
Gwendolyn Hall,ornare,4,9,156.48
Ifeoma Murphy,justo,2,2,752.53
Ali Rice,pede,2,17,481.41
Alfonso Horn,sed,6,11,777.52
Orlando Bradshaw,vitae,1,2,764.40
Angelica Fischer,enim,1,13,550.69
Lev Ramos,ligula,2,18,710.40
Savannah Guerra,eleifend,10,3,916.03
Bruno Duffy,feugiat.,10,2,608.06
Herman Owens,sed,5,6,150.50
Branden Gomez,egestas,5,9,233.01
Elton Chandler,massa.,6,13,402.98
Kameko Jimenez,parturient,8,15,305.53
Aretha Hunt,Suspendisse,1,10,831.79
Hollee Jefferson,nec,5,0,709.96
Moana Brown,at,1,13,313.67
Astra Reyes,ligula.,5,16,495.02
Ella Navarro,Vestibulum,3,9,446.32
Cassandra Mccray,Nullam,10,17,911.38
Tatiana Barron,urna,2,8,616.19
Idola Dotson,mi,6,2,801.90
Fay Neal,urna,10,15,201.42
Odette Mcintyre,mauris,6,12,995.21
Carson Cannon,scelerisque,6,18,810.48
Meredith Park,adipiscing,7,7,875.35
Ifeoma Haney,non,4,8,648.59
Noble Elliott,sem,7,6,253.70
Ryan Bonner,semper,5,17,308.26
Ebony Allen,nunc,2,15,652.62
Yuri Adkins,enim,5,10,288.39
Marshall Holmes,metus,9,16,936.83
Drew Morse,sed,2,14,838.13
Yardley Cervantes,ridiculus,4,18,966.42
Juliet Patterson,tom,3,15,589.99
Daria Roach,dictum,3,2,339.00
Maya Sandoval,Lorem,9,19,225.29
Cole Rice,aliquet,3,17,344.65
Troy Todd,eget,10,14,907.15
Chandler Rowland,Etiam,7,3,475.54
Alyssa Peters,risus.,3,10,216.70
Reed Calhoun,Vivamus,8,2,252.17
Channing Avery,nona,7,4,155.40
Imani Weaver,egestas.,5,5,973.84
Acton Branch,Quisque,3,1,500.05
Hollee Erickson,Aliquam,3,14,659.23
Althea Burke,metusa,1,16,482.21
Sade Hendrix,enim,7,5,906.17
Sara Taylor,ornare,7,6,552.03
Brenda Conrad,ultricies,2,15,975.52
Aladdin Franks,varius,4,2,691.79
Lionel Hopper,Phasellus,8,10,795.79
Shana Booker,aliquet,4,16,131.63
Maxwell Strong,feugiat,2,11,693.78
Catherine Chan,semper,1,5,286.94
Lara Browning,vela,9,10,948.78
Jael O'Neill,Donec,8,18,430.48
Fiona Frye,molestie,3,3,282.93
Lillith Strong,erat,6,6,228.36
Ori Mason,sit,10,4,852.54
Paul Contreras,ultrices,7,4,801.58
Micah Mcmillan,vitae,9,6,325.58
Adena Morin,eget,7,16,372.86
Tatiana Vaughan,Suspendisse,4,1,329.15
Keegan Nixon,ipsum,9,7,165.72
Hasad Finch,Maecenas,8,5,540.30
Phillip Ingram,lectus,4,4,631.91
